{
  "training_mode": "self_supervised_pseudo_labels",
  "self_supervised_config": {
    "POSITIVE_HEURISTIC_SCORE": 0.82,
    "NEGATIVE_HEURISTIC_SCORE": 0.25,
    "MAX_POSITIVE_MISORIENTATION_DEG": 5.0,
    "MAX_POSITIVE_CENTROID_DISTANCE": 12.0,
    "MIN_NEGATIVE_MISORIENTATION_DEG": 12.0,
    "MIN_NEGATIVE_CENTROID_DISTANCE": 30.0,
    "POSITIVE_WEIGHT": 1.0,
    "NEGATIVE_WEIGHT": 0.7,
    "IGNORE_WEIGHT": 0.0
  },
  "best_validation_loss": 1.2293009007418598,
  "train_losses": [
    8442447257986950.0,
    16843952524763.955,
    1.299002565578981,
    1.2977149069309235,
    1.2973805113272234,
    1.2973093276674097,
    1.2973132458600132,
    1.2973359942436218,
    1.2973606077107516,
    1.2973825812339783,
    1.2974013057622042,
    1.297417054934935,
    1.2974303381009535,
    1.2974416320974176,
    1.2974512940103358,
    1.2974595600908452,
    1.2974667131900788
  ],
  "val_losses": [
    41949921024299.76,
    1.234978887769911,
    1.2310560765089813,
    1.2298288919307567,
    1.2294467599303633,
    1.229331824514601,
    1.2293009007418598,
    1.2292951389595315,
    1.2292963531282213,
    1.2292991214328342,
    1.2293020884195964,
    1.229304591814677,
    1.2293068876972906,
    1.2293087553094935,
    1.229310393333435,
    1.229311876826816,
    1.2293130821651883
  ],
  "train_pairs": 110,
  "validation_pairs": 27,
  "file1_folder": "Cropped"
}