{
  "training_mode": "self_supervised_pseudo_labels",
  "self_supervised_config": {
    "POSITIVE_HEURISTIC_SCORE": 0.82,
    "NEGATIVE_HEURISTIC_SCORE": 0.25,
    "MAX_POSITIVE_MISORIENTATION_DEG": 5.0,
    "MAX_POSITIVE_CENTROID_DISTANCE": 12.0,
    "MIN_NEGATIVE_MISORIENTATION_DEG": 12.0,
    "MIN_NEGATIVE_CENTROID_DISTANCE": 30.0,
    "POSITIVE_WEIGHT": 1.0,
    "NEGATIVE_WEIGHT": 0.7,
    "IGNORE_WEIGHT": 0.0
  },
  "best_validation_loss": 1.2295911223800093,
  "train_losses": [
    8315006301941945.0,
    3371537950692.9585,
    2566444828.8996544,
    302077204.31048113,
    1.2976949588818985,
    1.2973174712874673,
    1.2972324978221546,
    1.2972304192456332,
    1.2972504930062727,
    1.2972740774804896,
    1.2972959263758226,
    1.2973150009458716,
    1.2973313651301643,
    1.2973453705961053,
    1.2973574291576038,
    1.297367824749513,
    1.2973768488927322,
    1.2973847064104946
  ],
  "val_losses": [
    2042740084109.5325,
    6309660571.054432,
    1434955733.9152849,
    1.2314507166544597,
    1.230149026270266,
    1.2297480636172824,
    1.2296255120524653,
    1.2295911223800093,
    1.2295834532490484,
    1.2295836872524686,
    1.229585987550241,
    1.2295883496602376,
    1.2295907647521407,
    1.2295928354616519,
    1.2295945662039298,
    1.2295960496973108,
    1.2295975773422807,
    1.229598703207793
  ],
  "train_pairs": 110,
  "validation_pairs": 27,
  "file1_folder": "Cropped"
}