{
  "training_mode": "self_supervised_pseudo_labels",
  "self_supervised_config": {
    "POSITIVE_HEURISTIC_SCORE": 0.82,
    "NEGATIVE_HEURISTIC_SCORE": 0.25,
    "MAX_POSITIVE_MISORIENTATION_DEG": 5.0,
    "MAX_POSITIVE_CENTROID_DISTANCE": 12.0,
    "MIN_NEGATIVE_MISORIENTATION_DEG": 12.0,
    "MIN_NEGATIVE_CENTROID_DISTANCE": 30.0,
    "POSITIVE_WEIGHT": 1.0,
    "NEGATIVE_WEIGHT": 0.7,
    "IGNORE_WEIGHT": 0.0
  },
  "best_validation_loss": 1.2295826982568812,
  "train_losses": [
    7419294531742129.0,
    1.2984692811965943,
    1.2975588625127619,
    1.2973221578381278,
    1.2972818900238383,
    1.2972937285900117,
    1.2973154669458216,
    1.2973359070040964,
    1.2973529582673853,
    1.297366807677529,
    1.2973780962553891,
    1.297387359900908,
    1.2973950602791526,
    1.2974015252156692,
    1.2974069752476431,
    1.2974116146564483
  ],
  "val_losses": [
    1.2340190278159247,
    1.2309158598935162,
    1.2299543663307473,
    1.2296742686518916,
    1.229598875398989,
    1.2295826982568812,
    1.229582146362022,
    1.2295850647820368,
    1.2295882746025368,
    1.2295913210621587,
    1.2295937096631084,
    1.229595705314919,
    1.229597352169178,
    1.2295987959261294,
    1.2296000145099781,
    1.2296010829784252
  ],
  "train_pairs": 110,
  "validation_pairs": 27,
  "file1_folder": "Cropped"
}